id,text,status,active_correlation,active_best_lag_ms,active_duration_ratio,active_duration_error,total_duration_ratio,total_duration_error,rms_ratio,rms_ratio_error,f0_contour_relative_mae,mfcc_dtw
001,мама,ok,0.27928650018676715,-69.25,1.0101563759471224,0.010156375947122376,0.9749469214437367,0.025053078556263264,0.9436454555211206,0.05635454447887944,0.08865291683974677,38.509086658743634
002,папа,ok,0.3176367770367884,-88.0,0.7937245787332946,0.2062754212667054,0.9235782839134794,0.0764217160865206,0.8648042029847036,0.13519579701529638,0.23136137919252242,46.40265382055572
003,привет,ok,0.25823487818596325,40.875,0.8909768597608324,0.10902314023916759,0.9562666302790476,0.04373336972095243,1.059350170299411,0.05935017029941103,0.12924216505606326,45.23415845576279
004,молоко,ok,0.26987097578177527,-5.0625,0.8773046532045654,0.12269534679543459,0.9461799987170441,0.05382000128295594,1.0459808250861908,0.045980825086190835,0.12534966291967517,38.16608645160338
005,сказка,ok,0.2900047723581877,-64.0625,1.1836291198841,0.18362911988410002,1.097447511783069,0.0974475117830691,0.7780330599716827,0.2219669400283173,0.23009736629221306,41.65891499682704
006,вокзал,ok,0.1587338930633132,194.0,1.0683806848871125,0.06838068488711246,1.0413361707615916,0.04133617076159157,1.0009277445646456,0.0009277445646456162,0.13550094864471124,36.49631402225637
007,подписка,ok,0.2860152224696164,22.0,1.0401380103507762,0.04013801035077624,1.0072608770224687,0.0072608770224686925,0.9164437858275138,0.08355621417248615,0.20890516208090515,47.416006242238296
008,яма,ok,0.22928435753545137,-54.0,1.008916083916084,0.008916083916084006,0.9838791296175812,0.016120870382418828,0.8261616372723829,0.1738383627276171,0.141239223294736,39.658331860262706
009,мир,ok,0.3772694177592153,-8.625,0.9624876604146101,0.03751233958538991,0.9897173898984674,0.010282610101532641,1.1445448985487496,0.14454489854874963,0.09392645847139922,23.764960426448734
010,люблю,ok,0.21387660792202892,233.0,0.9940820789913805,0.005917921008619542,0.97640771637122,0.023592283628779964,1.1525384424347342,0.15253844243473424,0.04055478953959839,43.49683772362897
011,щёлк,ok,0.23362995612184767,-34.0,1.1090280547799494,0.10902805477994937,1.0554507732930969,0.05545077329309689,0.9324595725405354,0.06754042745946465,0.13614289339670843,38.572618221083886
012,все будет хорошо,ok,0.09658626512325286,-5.0,1.0069223062209673,0.006922306220967345,1.0142268549494664,0.014226854949466405,0.9442838462496409,0.0557161537503591,0.10834527229385219,60.766810946293226
013,что ты делаешь?,ok,0.12426625748800338,22.0,1.0676651150239493,0.06766511502394934,1.049587494572297,0.04958749457229694,0.9523203364409678,0.04767966355903219,0.18158741320816696,78.96466638329434
014,я пришёл домой.,ok,0.19758036834107168,-34.625,0.9857292637465052,0.014270736253494842,0.9671049885201419,0.03289501147985807,0.9220804394858652,0.07791956051413484,0.09829275713637788,47.701286849039015
015,"привет, Николай!",ok,0.15505522601321559,-73.75,1.0001939299912732,0.00019392999127321175,0.9844267011940728,0.015573298805927172,0.951566203412142,0.04843379658785796,0.18639526324035002,39.10927457997119
016,это проверка синтеза речи.,ok,0.11515595631400069,32.1875,1.032220629394498,0.03222062939449799,1.0034263206172773,0.003426320617277323,0.8744397091354619,0.12556029086453813,0.12011790402763499,88.67744182582854
017,сегодня хорошая погода.,ok,0.07882950675107629,73.0,0.9803091424691457,0.01969085753085431,0.9875531177481088,0.012446882251891167,0.8971224561175666,0.10287754388243342,0.11498412960905609,77.5473369329941
018,сто двадцать три рубля,ok,0.1095472814544121,-28.0,1.010471635883905,0.010471635883904984,1.03179467534955,0.03179467534954994,0.8657617780670183,0.13423822193298174,0.09474266873646425,63.369971138970584
019,123 рублей,ok,0.09607850770831201,-22.0,0.9548177828658653,0.04518221713413473,0.9436649403829941,0.05633505961700591,0.9911187948709824,0.008881205129017578,0.11791267893759244,64.71460223825673
020,USB 123,ok,0.13674205082317933,72.375,1.000281066647929,0.0002810666479289292,1.0198236616147065,0.0198236616147065,0.7689326484866776,0.23106735151332236,0.14894800753781307,68.5218254851262
021,2026 год,ok,0.08809045220124755,118.9375,0.946186027852599,0.053813972147401024,0.9484274090135459,0.05157259098645406,0.8301133213032462,0.16988667869675378,0.1698732535196598,75.26041684887008
022,мама папа,ok,0.2201417541658699,0.0,0.915033236747912,0.08496676325208796,0.9524944230379233,0.04750557696207669,0.8876657750881465,0.11233422491185352,0.10893214005916368,42.03599918866204
