"candidate","physical_length_strength","physical_energy_strength","rendered","active_correlation","active_duration_ratio","active_duration_mae_percent","total_duration_mae_percent","f0_contour_mae_percent","mfcc_dtw","rms_ratio","rms_ratio_mae_percent"
"baseline","0","0","22","0,1965157232028779","0,992549896959575","5,679022643845701","3,598674499004331","13,479913521658911","52,01387280984829","0,9343976754294899","10,237700021058881"
"length-0.0005","0,0005","0","22","0,19690531749111798","0,9926661044415627","5,624326037004346","3,571394044664364","13,75243064682881","52,09298187712353","0,9341043228958811","10,256313900718531"
"energy-0.0005","0","0,0005","22","0,19651307373385477","0,992549896959575","5,679022643845701","3,598674499004331","13,4799140633295","52,0134423860741","0,9343549925126132","10,241968312746554"
"both-0.0005","0,0005","0,0005","22","0,1969060832860339","0,9926661044415627","5,624326037004346","3,571394044664364","13,752430266394896","52,09255826796946","0,9340616377053022","10,26058241977643"
"length-0.001","0,001","0","22","0,19346553799044308","0,9929231784710033","5,656585129097793","3,5787673579646544","13,585161787456169","52,10781781772484","0,9342041389515472","10,248665956119106"
"energy-0.001","0","0,001","22","0,19651158561452933","0,992549896959575","5,679022643845701","3,598674499004331","13,479932660397056","52,01369755070157","0,9343080779741082","10,246659766597043"
"both-0.001","0,001","0,001","22","0,19346543496924554","0,9929231784710033","5,656585129097793","3,5787673579646544","13,585176592500458","52,107579162472895","0,9341145230935524","10,257627541918584"
"length-0.002","0,002","0","22","0,19538251209565097","0,9928958041075723","5,651085025563479","3,581003423873542","13,73693405957646","51,99623237495387","0,9343269537404882","10,23262896792826"
"energy-0.002","0","0,002","22","0,1965257653420715","0,9925514939291655","5,6788629468866505","3,598674499004331","13,47992477286776","52,013298516442276","0,9342168845453931","10,25577910946856"
"both-0.002","0,002","0,002","22","0,19538282819406244","0,9928958041075723","5,651085025563479","3,581003423873542","13,736944137577844","51,99506800288169","0,9341461195544457","10,25071238653252"
"length-0.005","0,005","0","22","0,19535806318452742","0,9932292528158133","5,653879109837006","3,575792709897871","13,550638865876335","52,060539020302365","0,9343674973871239","10,222944111819908"
"energy-0.005","0","0,005","22","0,19651313748019084","0,9925514939291655","5,6788629468866505","3,598674499004331","13,479943598338497","52,0123568120584","0,9339441880354251","10,283048760465347"
"both-0.005","0,005","0,005","22","0,19491155941923857","0,9932308497854038","5,6537194128779555","3,575792709897871","13,550660894247216","52,05852783689482","0,9339140052633463","10,268293324197666"
"length-0.01","0,01","0","22","0,19387107705749312","0,9933358832926698","5,67857412963143","3,591092082196671","13,60878867243129","52,07443083616669","0,9339585755014448","10,256845594639636"
"energy-0.01","0","0,01","22","0,19649182035706866","0,9925514939291655","5,6788629468866505","3,598674499004331","13,479979430745576","52,009745107160775","0,9334916812661663","10,328299437391243"
"both-0.01","0,01","0,01","22","0,19389466513597145","0,9933358832926698","5,67857412963143","3,591092082196671","13,608932457790873","52,069913694342524","0,9330526422504571","10,34743891973841"
