id,text,active_correlation_delta,active_correlation_improved,active_duration_error_delta,active_duration_error_improved,total_duration_error_delta,total_duration_error_improved,f0_contour_relative_mae_delta,f0_contour_relative_mae_improved,mfcc_dtw_delta,mfcc_dtw_improved,rms_ratio_error_delta,rms_ratio_error_improved
001,мама,0.010800019130907612,True,0.003224246332419689,False,-0.018046709129511673,True,0.04768091092177551,False,-8.428759843599607,True,-0.03849921560253977,True
002,папа,-0.07948456574143975,False,0.007941119504164207,False,0.006374444921930955,False,-0.014053621442000758,True,-4.426746900098124,True,0.028378391203356612,False
003,привет,0.11045231453753712,True,0.022053113837552485,False,0.01214436787882922,False,0.11190769023729588,False,-4.922725902126963,True,-0.0333643305995428,True
004,молоко,0.07642784524717638,True,-0.01152326602282705,True,0.001411251523510182,False,0.13910433296491434,False,-2.1756942150722764,True,-0.026000244614481582,True
005,сказка,-0.012786935712336245,False,-0.002173125679101773,True,-0.0011017934749342206,True,-0.02268902487814123,True,-1.4841229218162724,True,-0.0033822108979532084,True
006,вокзал,-0.020839312878720373,False,0.0035648698282380042,False,0.002128071193654435,False,0.009988325579044444,False,-0.279623580795878,True,0.03850429878089967,False
007,подписка,-0.08480813939020437,False,0.019781483611270856,False,0.0029729575210108994,False,-0.03994756408086744,True,-1.66300758614193,True,-0.032290858201417305,True
008,яма,0.009633970292670074,True,0.04772727272727262,False,-0.00780741704619381,True,0.02911954112822171,False,-2.119396872403996,True,-0.05224813461765476,True
009,мир,0.027799711887108447,True,-0.03596107742208432,True,-0.0044622647610425,True,-0.004625245114367155,True,-8.757444585897566,True,-0.03615270357446243,True
010,люблю,0.10683232237619775,True,0.014666152064839899,False,-0.0064520333680917474,True,0.020290420657559614,False,-2.651717809797063,True,-0.029902746718608597,True
011,щёлк,-0.012026270116714644,False,-0.026592208482914437,True,-0.009304664906324644,True,0.04466910229302379,False,-0.8760740243760026,True,-0.017936587246002222,True
012,все будет хорошо,-0.004738399602024018,False,0.00828855086984237,False,-0.011339225974574818,True,0.015230969856835155,False,-3.0064347455395435,True,0.011253607383533537,False
013,что ты делаешь?,-0.007972251196984526,False,-0.006813735411185462,True,-0.004385584020842215,True,0.01773779068231926,False,-6.416954215566491,True,0.0675781545344335,False
014,я пришёл домой.,-0.0210266449923088,False,-0.009843895619757626,True,-0.00012523481527859648,True,0.016820161910281697,False,-3.874938505512681,True,-0.0007141142562168135,True
015,"привет, Николай!",-0.04708580941277725,False,0.00916319208765648,False,-0.006797583081571079,True,0.0013078037127092768,False,-2.7873861793878376,True,0.01591513139341738,False
016,это проверка синтеза речи.,-0.004002818591990226,False,-0.006962932623387319,True,-0.0019964387848703247,True,-0.022382565831962853,True,-5.452130895013198,True,-0.025600347816858604,True
017,сегодня хорошая погода.,0.022926044938576168,True,-0.012062148020928976,True,-0.009101594285886416,True,0.04386385088072883,False,-4.704855916906311,True,-0.043413710250050586,True
018,сто двадцать три рубля,0.006083907574134989,True,-0.006513852242743923,True,-0.005043733639788162,True,0.07177212605636879,False,-1.1085142973208946,True,0.04702270917327278,False
019,123 рублей,-0.005512693395988991,False,0.005380652547223863,False,0.004245453450559933,False,-0.008001114047141489,True,-3.703887557062366,True,0.03412433479074606,False
020,USB 123,-0.017310252443499832,False,0.0033727997751465955,False,0.005964386561401636,False,-0.024082010076099544,True,-0.2652130687352354,True,-0.009791023727992565,True
021,2026 год,0.05351981203265646,True,-0.0035818671557109605,True,-0.002144972138677148,True,-0.03350705144953245,True,-0.9922942834556636,True,-0.015700133353417023,True
022,мама папа,-0.05891789696229621,False,-0.029060848815408158,True,-0.011001825187588743,True,0.06541632574794101,False,-6.468058816957566,True,-0.02870595373881557,True
