id,text,portable_status,reference_total_ms,reference_active_ms,reference_lead_ms,reference_trail_ms,reference_peak,reference_rms,portable_total_ms,portable_active_ms,portable_lead_ms,portable_trail_ms,portable_peak,portable_rms,active_duration_delta_ms,active_duration_ratio,peak_ratio,rms_ratio,active_best_lag_ms,active_search_corr
001,мама,ok,883.125,387.6875,91.125,404.3125,28099,2597.0994161337717,861.0,391.625,90.25,379.125,19906,2450.7894799253754,3.9375,1.0101563759471224,0.7084237873233923,0.9436640987636108,-69.25,0.2791321903719803
002,папа,ok,872.625,322.6875,141.6875,408.25,32767,2516.9425261022643,805.875,256.0625,137.125,412.6875,32767,2189.023772087333,-66.625,0.7935308928917296,1.0,0.8697154382294354,-88.0,0.2834286218225355
003,привет,ok,916.0625,402.4375,103.375,410.25,19173,1975.919654109916,876.3125,358.875,120.125,397.3125,19020,2092.6667112076307,-43.5625,0.891753377853704,0.9920200281646064,1.0590849212187756,40.875,0.2569964936108256
004,молоко,ok,974.3125,569.5,81.25,323.5625,27875,2653.1065136095785,917.5625,495.3125,90.5,331.75,30198,2779.6130022858706,-74.1875,0.8697322212467077,1.083336322869955,1.0476824009994905,-5.0625,0.2672786894485013
005,сказка,ok,1021.0625,517.6875,95.125,408.25,32767,1901.8287243240422,1123.3125,615.5,95.125,412.6875,32767,1479.0153124432695,97.8125,1.18894120487746,1.0,0.7776806047394982,-64.0625,0.28665068751553846
006,вокзал,ok,969.1875,578.5625,41.1875,349.4375,32767,2151.953334455126,1009.1875,618.0625,41.1875,349.9375,31232,2153.8771208882367,39.5,1.068272658528681,0.9531540879543443,1.0008939721890382,194.0,0.15873389306331318
007,подписка,ok,1093.1875,543.4375,134.25,415.5,32257,1934.9644415117332,1101.125,565.25,123.1875,412.6875,29174,1772.9977711149847,21.8125,1.0401380103507762,0.9044238459869176,0.9162947561608892,22.0,0.28596250102984005
008,яма,ok,864.5625,357.5,89.6875,417.375,31103,2603.043635814794,851.0,361.0625,88.5625,401.375,24064,2155.586441658467,3.5625,1.0099650349650349,0.7736874256502588,0.8281023076217983,-54.0,0.21348743743661275
009,мир,ok,966.4375,443.1875,104.375,418.875,16967,2567.6033237826696,956.5,426.5625,94.0,435.9375,16896,2937.921201976404,-16.625,0.9624876604146101,0.9958154063770849,1.1442270598279842,-8.5625,0.3774941553070225
010,люблю,ok,959.0,485.8125,90.6875,382.5,19595,2481.613480086374,936.375,482.9375,86.25,367.1875,19968,2859.974430974572,-2.875,0.9940820789913805,1.0190354682316918,1.1524657058499816,233.0,0.2138766079220289
011,щёлк,ok,994.125,470.0625,112.5,411.5625,20779,1802.1684822982595,1049.25,521.3125,112.5,415.4375,22016,1683.2242902235207,51.25,1.1090280547799494,1.0595312575196112,0.933999405026187,-34.0625,0.23519180985160348
012,все будет хорошо,ok,1774.8125,1372.375,78.875,323.5625,25085,2668.8482587517824,1799.875,1381.6875,86.5625,331.625,25064,2520.2646675662772,9.3125,1.0067856817560799,0.9991628463225035,0.9443266994673585,-48.3125,0.11055303098767671
013,что ты делаешь?,ok,1439.375,926.4375,97.8125,415.125,23873,2708.0257906221595,1510.625,989.0,109.4375,412.1875,25512,2577.302697178533,62.5625,1.0675301895702625,1.0686549658610145,0.9517275301083475,-166.0,0.11986283044341257
014,я пришёл домой.,ok,1497.1875,1073.0,79.625,344.5625,25089,3330.3623616513546,1447.9375,1057.6875,88.625,301.625,24064,3070.5028755059857,-15.3125,0.9857292637465052,0.9591454422256765,0.9219726090056705,-34.625,0.19615305191588742
015,"привет, Николай!",ok,1737.75,1289.125,104.0625,344.5625,32253,3215.59649802596,1710.625,1289.3125,119.6875,301.625,32767,3058.503029789216,0.1875,1.0001454474934548,1.0159365020308189,0.9511463990170461,-73.8125,0.15358645385488984
016,это проверка синтеза речи.,ok,2316.625,1831.125,89.4375,396.0625,25085,2837.6690462103625,2324.875,1890.4375,83.75,350.6875,22016,2481.1941403843316,59.3125,1.0323912895078162,0.8776559697030097,0.8743775612938041,20.125,0.1147742132250957
017,сегодня хорошая погода.,ok,2073.8125,1564.8125,101.3125,407.6875,32253,2946.7404265708665,2048.25,1534.25,101.3125,412.6875,29130,2643.5922475981597,-30.5625,0.9804689060190918,0.9031717979722816,0.8971242338689868,116.0,0.09083156972957257
018,сто двадцать три рубля,ok,1957.875,1516.0,97.375,344.5,32767,2934.2822346941557,2019.8125,1531.5625,93.375,394.875,27136,2540.532034115904,15.5625,1.0102655013192612,0.8281502731406598,0.865810385953111,-83.0,0.11058388995647422
019,123 рублей,ok,2075.75,1637.8125,93.375,344.5625,28157,2754.4441596606066,1958.625,1563.625,93.375,301.625,23040,2729.989708340614,-74.1875,0.9547033008967755,0.8182689917249707,0.9911218199017671,19.0,0.09490277976200576
020,USB 123,ok,2169.125,1778.9375,17.5,372.6875,32767,2849.567237391278,2211.0,1778.3125,82.0,350.6875,21214,2191.143721568894,-0.625,0.9996486666900889,0.6474196600238045,0.7689391191817752,5.6875,0.13180545631443777
021,2026 год,ok,2680.6875,2181.125,79.1875,420.375,32767,2582.862402667311,2542.625,2063.9375,79.1875,399.5,22904,2144.3181080171585,-117.1875,0.946271992664336,0.6989959410382397,0.8302099661997985,109.1875,0.09674869715463184
022,мама папа,ok,1232.75,733.375,91.125,408.25,32767,3013.5889069145314,1174.125,671.0,90.4375,412.6875,32767,2676.0340201049926,-62.375,0.9149480143173684,1.0,0.8879890730832477,0.0,0.22072119293780448
